<?xml version="1.0" encoding="UTF-8" ?>
<configuration scan="true" scanPeriod="60 seconds" debug="false">
    <!-- 动态日志级别 -->
    <jmxConfigurator/>

    <!-- 定义日志文件 输出位置 -->
    <property name="log.log_dir" value="logs"/>
    <property name="log.log_name" value="log"/>
    <property name="log.maxHistory" value="30"/>
    <springProperty scope="context" name="log.level" source="logging.level.com.example.myproject"/>
    <property name="log.maxSize" value="5MB" />

    <!-- ConsoleAppender 控制台输出日志 -->
    <appender name="STDOUT" class="ch.qos.logback.core.ConsoleAppender">
        <encoder>
            <pattern>
                <!-- 设置日志输出格式 -->
                <!-- 日期 [线程] [class类]-[日志级别] log内容 -->
                %blue(%d{yyyy-MM-dd HH:mm:ss,SSS}) [%cyan(%t)] [%yellow(%c)]-[%highlight(%p)] %m%n
            </pattern>
        </encoder>
    </appender>

    <!-- ERROR级别日志 -->
    <!-- 滚动记录文件，先将日志记录到指定文件，当符合某个条件时，将日志记录到其他文件 RollingFileAppender -->
    <appender name="ERROROUT" class="ch.qos.logback.core.rolling.RollingFileAppender">
        <!-- 过滤器，只记录WARN级别的日志 -->
        <!-- 果日志级别等于配置级别，过滤器会根据onMath 和 onMismatch接收或拒绝日志。 -->
        <filter class="ch.qos.logback.classic.filter.LevelFilter">
            <!-- 设置过滤级别 -->
            <level>ERROR</level>
            <!-- 用于配置符合过滤条件的操作 -->
            <onMatch>ACCEPT</onMatch>
            <!-- 用于配置不符合过滤条件的操作 -->
            <onMismatch>DENY</onMismatch>
        </filter>
        <!-- 最常用的滚动策略，它根据时间来制定滚动策略.既负责滚动也负责触发滚动 -->
        <rollingPolicy class="ch.qos.logback.core.rolling.SizeAndTimeBasedRollingPolicy">
            <!--日志输出位置 可相对、和绝对路径 -->
            <fileNamePattern>
                ${log.log_dir}/error/%d{yyyy-MM-dd}/error_${log.log_name}-%i.log
            </fileNamePattern>
            <!-- 可选节点，控制保留的归档文件的最大数量，超出数量就删除旧文件,假设设置每个月滚动，且<maxHistory>是6，
            则只保存最近6个月的文件，删除之前的旧文件。注意，删除旧文件是，那些为了归档而创建的目录也会被删除 -->
            <maxHistory>${log.maxHistory}</maxHistory>
            <!--日志文件最大的大小-->
            <MaxFileSize>${log.maxSize}</MaxFileSize>
        </rollingPolicy>
        <encoder>
            <pattern>
                <!-- 设置日志输出格式 -->
                %d{yyyy-MM-dd HH:mm:ss.SSS} [%thread] %-5level %logger{50} - %msg%n
            </pattern>
        </encoder>
    </appender>

    <!-- INFO级别日志 appender -->
    <appender name="INFOOUT" class="ch.qos.logback.core.rolling.RollingFileAppender">
        <filter class="ch.qos.logback.classic.filter.LevelFilter">
            <level>INFO</level>
            <onMatch>ACCEPT</onMatch>
            <onMismatch>DENY</onMismatch>
        </filter>
        <rollingPolicy class="ch.qos.logback.core.rolling.SizeAndTimeBasedRollingPolicy">
            <fileNamePattern>${log.log_dir}/info/%d{yyyy-MM-dd}/info_${log.log_name}-%i.log</fileNamePattern>
            <maxHistory>${log.maxHistory}</maxHistory>
            <MaxFileSize>${log.maxSize}</MaxFileSize>
        </rollingPolicy>
        <encoder>
            <pattern>%d{yyyy-MM-dd HH:mm:ss.SSS} [%-5level] %logger - %msg%n</pattern>
        </encoder>
    </appender>


    <!-- DEBUG级别日志 appender -->
    <appender name="DEBUGOUT" class="ch.qos.logback.core.rolling.RollingFileAppender">
        <filter class="ch.qos.logback.classic.filter.LevelFilter">
            <level>DEBUG</level>
            <onMatch>ACCEPT</onMatch>
            <onMismatch>DENY</onMismatch>
        </filter>
        <rollingPolicy class="ch.qos.logback.core.rolling.SizeAndTimeBasedRollingPolicy">
            <fileNamePattern>${log.log_dir}/debug/%d{yyyy-MM-dd}/debug_${log.log_name}-%i.log</fileNamePattern>
            <maxHistory>${log.maxHistory}</maxHistory>
            <MaxFileSize>${log.maxSize}</MaxFileSize>
        </rollingPolicy>
        <encoder>
            <pattern>%d{yyyy-MM-dd HH:mm:ss.SSS} [%-5level] %logger - %msg%n</pattern>
        </encoder>
    </appender>

    <!--设置一个向上传递的appender,所有级别的日志都会输出-->
    <appender name="app" class="ch.qos.logback.core.rolling.RollingFileAppender">
        <rollingPolicy class="ch.qos.logback.core.rolling.SizeAndTimeBasedRollingPolicy">
            <fileNamePattern>${log.log_dir}/app/%d{yyyy-MM-dd}/app_${log.log_name}-%i.log</fileNamePattern>
            <maxHistory>${log.maxHistory}</maxHistory>
            <MaxFileSize>${log.maxSize}</MaxFileSize>
        </rollingPolicy>
        <encoder>
            <pattern>%d{yyyy-MM-dd HH:mm:ss.SSS} [%-5level] %logger - %msg%n</pattern>
        </encoder>
    </appender>

    <logger name="com.example.myproject" additivity="false" level="${log.level}" >
        <appender-ref ref="ERROROUT" />
        <appender-ref ref="INFOOUT" />
    </logger>

    <root level="${log.level}">
        <appender-ref ref="STDOUT"/>
    </root>
</configuration>